,name,category,content
0,ARM Cortex-A 시리즈,ARM/마이크로아키텍처,ARM의 마이크로 아키텍처 IP
1,멜버른 레벨스,멜버른 레벨스,슈퍼 럭비 퍼시픽참가 구단
2,유벤투스 FC/2019-20 시즌,유벤투스 FC/2019-20 시즌,   상위 문서: 유벤투스 FC
3,시가전,시가전,
4,가이우스 율리우스 카밀리우스 아스페르,로마 제국 집정관,집정관 (3세기)
5,윌리 아다메스,도미니카 공화국의 야구 선수,밀워키 브루어스2024 시즌 40인 로스터
6,갤주/사례,디시인사이드,   상위 문서: 갤주
7,Journey to Center of Hawkthorne,플랫폼 게임,공식 사이트1. 개요2. 플레이어블 캐릭터3. 스테이지3.1. 스터디룸3.2. 복도3.3. 숲3.4. 마을3.5. 아벳 타운3.6. 마을 숲3.7. 게으름 계곡3.8. 게이 아일랜드4. 관련 문서
8,바이오하자드 RE:4/무기 및 장비,바이오하자드 시리즈/무기,   상위 문서: 바이오하자드 RE:4
9,요나단 페라자,베네수엘라의 야구 선수,"   페라자은(는) 여기로 연결됩니다. 베네수엘라 국적의 뉴욕 양키스 소속 야구선수에 대한 내용은 오스왈드 페라자 문서를의 번 문단을의  부분을, 베네수엘라 국적의 뉴욕 메츠 산하 마이너 소속 야구선수에 대한 내용은 호세 페라자 문서를의 번 문단을의 번 문단을의  부분을의  부분을, 에 대한 내용은  문서를의 번 문단을의 번 문단을의  부분을의  부분을, 에 대한 내용은  문서를의 번 문단을의 번 문단을의  부분을의  부분을, 에 대한 내용은  문서를의 번 문단을의 번 문단을의  부분을의  부분을, 에 대한 내용은  문서를의 번 문단을의 번 문단을의  부분을의  부분을, 에 대한 내용은  문서를의 번 문단을의 번 문단을의  부분을의  부분을, 에 대한 내용은  문서를의 번 문단을의 번 문단을의  부분을의  부분을, 에 대한 내용은  문서를의 번 문단을의 번 문단을의  부분을의  부분을, 에 대한 내용은  문서를의 번 문단을의 번 문단을의  부분을의  부분을 참고하십시오."
10,법제사법위원회,대한민국 국회 상임위원회 및 특별위원회, 대한민국 국회상임위원회 및 상설특별위원회
11,KBS 성우극회,성우극회,한국성우협회산하 성우극회
12,틀:마법사 프리큐어!,둘러보기 틀/프리큐어 시리즈,마법사 프리큐어!프리큐어 · 어둠의 마법사 · 끝없는 혼돈인간계 · 마법계 · 구르미 · 하짱 · 치크룬애니메이션(1기 | 2기) · 아이템 · 필살기엔드 카드 · 국내 방영 · 평가 · 올스타즈 · 극장판
13,나무위키:문서 작성 요청/인물,나무위키 범용 관리 문서,   상위 문서: 나무위키:문서 작성 요청
14,대국관계일람/아프리카 국가/서아프리카 국가,나라별 외교,   상위 문서: 대국관계일람/아프리카 국가
15,버려진 파수꾼,P의 거짓/보스,P의 거짓의 보스 목록
16,광주 도시철도 2호선,광주 도시철도 2호선,"이 교통 시설 또는 노선은 개통되지 않았습니다.이 문서에는 현재 설계, 계획이나 공사 등의 이유로 개통되지 않은 교통 시설 또는 노선에 대한 정보가 서술되어 있습니다."
17,정구현(2003),플래티넘78,정구현 관련 틀
18,퀄컴 스냅드래곤/8 시리즈,퀄컴 스냅드래곤,   상위 문서: 퀄컴 스냅드래곤
19,XeSS,인텔, 
20,SFSG,영국 특수작전부대,영국관련 문서
21,오대영 라이브,JTBC 뉴스,
22,맥라렌 포뮬러 1 팀,맥라렌 포뮬러 1 팀,2024 포뮬러 1참가 팀
23,비니 카프라,미국의 야구 선수,밀워키 브루어스2024 시즌 40인 로스터
24,Journey to Center of Hawkthorne,플랫폼 게임,공식 사이트1. 개요2. 플레이어블 캐릭터3. 스테이지3.1. 스터디룸3.2. 복도3.3. 숲3.4. 마을3.5. 아벳 타운3.6. 마을 숲3.7. 게으름 계곡3.8. 게이 아일랜드4. 관련 문서
25,신성 로마 제국,신성 로마 제국,  신성 로마 제국관련 문서
26,KBS 성우극회,성우극회,한국성우협회산하 성우극회
27,파일:2018 정성화 팬텀 2.jpg,0,0
28,녹색정의당,녹색정의당,"   관련 문서: 정의당 분당, , , , , "
29,메구리네 루카(프로젝트 세카이 컬러풀 스테이지! feat.하츠네 미쿠)/카드,프로젝트 세카이 컬러풀 스테이지! feat.하츠네 미쿠/카드,   상위 문서: 메구리네 루카(프로젝트 세카이 컬러풀 스테이지! feat.하츠네 미쿠)
30,독재자가 된 영웅/실제 사례,독재자,   상위 문서: 독재자가 된 영웅
31,스트리트 패션,패션,패션 관련 문서
32,녹색정의당,녹색정의당,"   관련 문서: 정의당 분당, , , , , "
33,개럿 미첼,미국의 야구 선수,밀워키 브루어스2024 시즌 40인 로스터
34,대부업체,금융회사,1. 개요2. 우수대부업선정3. 대부중개업
35,SFSG,영국 특수작전부대,영국관련 문서
36,KBS 성우극회,성우극회,한국성우협회산하 성우극회
37,펄어비스,한국의 게임 제작사,
38,애슬론 장고,애슬론(애슬론 또봇),등장 애슬론 & 파일럿
39,녹색정의당,녹색정의당,"   관련 문서: 정의당 분당, , , , , "
40,저체중/목록,체중,   상위 문서: 저체중
41,잔나비,잔나비,"   은(는) 여기로 연결됩니다. 원숭이를 뜻하는 순우리말에 대한 내용은 원숭이 문서를의 번 문단을의  부분을, 에 대한 내용은  문서를의 번 문단을의 번 문단을의  부분을의  부분을, 에 대한 내용은  문서를의 번 문단을의 번 문단을의  부분을의  부분을, 에 대한 내용은  문서를의 번 문단을의 번 문단을의  부분을의  부분을, 에 대한 내용은  문서를의 번 문단을의 번 문단을의  부분을의  부분을, 에 대한 내용은  문서를의 번 문단을의 번 문단을의  부분을의  부분을, 에 대한 내용은  문서를의 번 문단을의 번 문단을의  부분을의  부분을, 에 대한 내용은  문서를의 번 문단을의 번 문단을의  부분을의  부분을, 에 대한 내용은  문서를의 번 문단을의 번 문단을의  부분을의  부분을, 에 대한 내용은  문서를의 번 문단을의 번 문단을의  부분을의  부분을 참고하십시오."
42,기아 텔루라이드,기아/생산차량,
43,마인(책벌레의 하극상),책벌레의 하극상/등장인물,마인マインMyne
44,한파/대한민국/21세기,한파/대한민국,   상위 문서: 한파/대한민국
45,인천국제공항/역사,인천국제공항,   상위 문서: 인천국제공항
46,요시프 브레칼로,1998년 출생,
47,살 프렐릭,미국의 야구 선수,밀워키 브루어스2024 시즌 40인 로스터
48,콜 오브 듀티: 블랙 옵스 4/블랙아웃/아이템,콜 오브 듀티 시리즈/장비류, 
49,곽튜브/여담,곽튜브,   상위 문서: 곽튜브
50,SFSG,영국 특수작전부대,영국관련 문서
51,Nine Sols/등장인물,Nine Sols,
52,유쿠 드라마,유쿠 드라마,   상위 문서: 유쿠
53,알렉스 옥슬레이드체임벌린,1993년 출생,베식타스 JK 2023-24 시즌 스쿼드
54,tripleS/멤버 간 케미,tripleS,   상위 문서: tripleS
55,2024 LoL Pro League Summer,2024 LoL Pro League Summer,League of LegendsPro League역대 대회
56,둠스데이: 인류멸망 10가지 시나리오,2016년 방송 프로그램,둠스데이: 인류멸망 10가지 시나리오 (2016)Doomsday: 10 Ways the World Will End
57,이왕근,대한민국의 군인,대한민국 공군참모총장
58,나유탄 성인,나무위키 음성 합성 엔진 프로젝트,프로필
59,애슬론 장고,애슬론(애슬론 또봇),등장 애슬론 & 파일럿
