1,aaa,1111,F,356-370-5635,ccritch0@latimes.com
2,bbb,2222,F,143-379-6512,dfosbraey1@hhs.gov
3,ccc,3333,F,483-424-5552,bpoulter2@umn.edu
4,Rasia,2054,F,100-711-6893,risaacs3@webnode.com
5,Codee,2809,F,207-883-7589,ctwiname4@umn.edu
6,Anson,4666,M,783-406-0909,amattschas5@paypal.com
7,Lynna,5168,F,266-436-8201,ltinsey6@cocolog-nifty.com
8,Gerek,4446,M,127-128-1902,gmace7@cnet.com
9,Vittorio,3085,M,445-191-3041,vmcdiarmid8@plala.or.jp
10,Ashby,2367,M,526-972-8179,agaffon9@amazon.co.uk
11,Ulberto,1734,M,406-105-7513,umaciejaka@globo.com
12,Jeremie,5854,M,774-754-3828,jpatonb@sina.com.cn
13,Early,4334,M,374-306-2036,egarrattc@statcounter.com
14,Timmy,6720,F,930-901-4050,tdobneyd@about.com
15,Eba,4812,F,856-958-7424,egarrigane@dropbox.com
16,Winnie,6304,M,529-526-4308,wfihellyf@eventbrite.com
17,Urban,2985,M,916-940-9652,uroskrugeg@merriam-webster.com
18,Percy,8307,M,449-849-3874,pnelleh@samsung.com
19,Merl,6577,F,603-870-3830,mdiscombei@seesaa.net
20,Cozmo,9756,M,778-491-4843,ckirkmanj@usnews.com
21,Tadeo,5971,M,565-837-5385,tambrosettik@so-net.ne.jp
22,Misti,9931,F,809-983-0670,mmartusewiczl@walmart.com
23,Ramon,5969,M,796-720-2355,rcraxfordm@nsw.gov.au
24,Keir,3565,M,102-352-3918,krylstonen@mozilla.com
25,Anthony,8978,M,431-377-9399,amotteno@loc.gov
26,Iris,4236,F,677-263-4254,iaylottp@privacy.gov.au
27,Tam,9913,M,981-321-6335,tbedinq@baidu.com
28,Nolly,8825,M,532-110-9603,nmcorkilr@nps.gov
29,Lissie,3260,F,253-146-4571,lbaughs@skyrock.com
30,Rowney,9311,M,499-770-1777,roxburyt@nih.gov
31,Dalton,4242,M,406-191-1072,dsplainu@biblegateway.com
32,Kennedy,8225,M,689-591-2764,kgoodalev@timesonline.co.uk
33,Deena,7002,F,878-766-9086,dfriedankw@eepurl.com
34,Marrissa,1503,F,293-227-8465,mburchattx@stanford.edu
35,Manolo,1594,M,553-221-8609,mlisciandroy@wikipedia.org
36,Erika,9297,F,229-764-9959,epetkovicz@newyorker.com
37,Normand,5156,M,285-643-2384,nthompson10@sun.com
38,Eleonore,3922,F,561-856-0465,epevie11@i2i.jp
39,Grissel,8986,F,321-445-9816,gespy12@guardian.co.uk
40,Barbey,9791,F,377-513-1158,besselen13@parallels.com
41,Flss,1157,F,226-230-2048,fhumerstone14@ucoz.ru
42,Ted,6551,M,323-701-1575,tnewitt15@jiathis.com
43,Gelya,4563,F,953-474-7408,ghindmoor16@photobucket.com
44,Bradford,1268,M,698-870-2581,bdowdall17@cam.ac.uk
45,Temple,4420,M,409-858-2376,tolander18@discuz.net
46,Ash,6057,M,759-126-6802,ablaskett19@nymag.com
47,Gonzales,5290,M,724-319-5842,ggoodliffe1a@theatlantic.com
48,Carlyle,2984,M,953-769-5409,ckuschel1b@senate.gov
49,Hinda,6751,F,584-269-6184,hhodgins1c@google.cn
50,Donalt,8513,M,631-137-7347,ddoughtery1d@cam.ac.uk
51,Shannah,6889,F,515-331-4402,szambonini1e@twitpic.com
52,Lynnet,6531,F,394-444-3909,larnaut1f@wsj.com
53,Harv,9751,M,505-947-9930,hchadwin1g@ameblo.jp
54,Alexina,1542,F,526-243-7843,aweathers1h@nyu.edu
55,Staford,4128,M,646-301-2793,sgallihaulk1i@parallels.com
56,Sher,3824,F,700-939-8793,sfuge1j@g.co
57,Grace,3893,M,618-798-4588,grandall1k@barnesandnoble.com
58,Celestyna,9399,F,844-890-2077,cbautiste1l@google.co.jp
59,Gabriel,9404,F,709-740-2952,gskeel1m@hugedomains.com
60,Maryjo,6664,F,533-852-6821,mratcliff1n@go.com
61,Keenan,1228,M,843-950-9972,kamar1o@1688.com
62,Cully,7238,M,926-315-6485,cgalletley1p@businessinsider.com
63,Gustavus,8501,M,209-146-4332,gbletcher1q@un.org
64,Cully,3442,M,645-102-6590,cvossing1r@trellian.com
65,Hill,3964,M,316-611-9179,hotoole1s@infoseek.co.jp
66,Rozamond,8257,F,513-649-2123,rpersse1t@hatena.ne.jp
67,Ashly,9931,F,440-655-5747,acaddies1u@wisc.edu
68,Kelci,5369,F,467-721-8705,kbesque1v@hibu.com
69,Anthiathia,9124,F,817-837-7205,aschwier1w@shop-pro.jp
70,Shamus,7874,M,124-425-2835,sberkely1x@google.com.hk
71,Seka,7103,F,755-282-9535,scurley1y@cbc.ca
72,Eb,1561,M,262-716-7912,edoak1z@ask.com
73,Obie,6036,M,966-516-9853,owardlow20@engadget.com
74,Skelly,3592,M,311-937-2457,srappoport21@hubpages.com
75,Anderea,8412,F,982-120-3108,aclousley22@google.pl
76,Jori,5740,F,973-514-0302,jcalbrathe23@tiny.cc
77,Gunner,7766,M,260-745-0973,ggorse24@psu.edu
78,Alessandro,7034,M,435-935-6981,aaymer25@businessinsider.com
79,Friederike,9666,F,534-292-2184,fwaddy26@feedburner.com
80,Sunny,8684,M,393-198-0635,sdartnall27@studiopress.com
81,Farra,7460,F,831-927-8124,fsaintpierre28@webmd.com
82,Astrid,4443,F,750-591-7299,awreight29@reference.com
83,Tannie,3707,M,852-965-3371,thuton2a@amazon.de
84,Mathias,9445,M,533-934-1569,mkedwell2b@taobao.com
85,Helenelizabeth,5676,F,314-449-5724,hmerwe2c@yolasite.com
86,Iris,7735,F,400-470-2432,icroci2d@theglobeandmail.com
87,Sergio,6756,M,727-994-6578,smckennan2e@github.io
88,Melodie,4889,F,305-891-2569,mhrinchenko2f@discuz.net
89,Guthrey,6885,M,636-187-8409,gridder2g@theatlantic.com
90,Brodie,6730,M,538-941-3030,bpoxton2h@csmonitor.com
91,Prinz,4813,M,472-409-7916,ppresdie2i@oaic.gov.au
92,Sharia,4272,F,899-707-0815,srieger2j@people.com.cn
93,Madelina,8998,F,762-964-5051,mgavaran2k@epa.gov
94,Diahann,2590,F,708-738-1514,dfolks2l@woothemes.com
95,Geralda,3667,F,247-132-1153,gkobes2m@feedburner.com
96,Clyve,3140,M,840-524-6922,cdils2n@4shared.com
97,Bord,9349,M,620-165-1625,bstores2o@slashdot.org
98,Sonny,2379,F,751-482-9312,scollinson2p@ucsd.edu
99,Maurizia,5118,F,520-846-9443,mcogger2q@ted.com
100,Gregoire,4131,M,216-806-2794,gsorrell2r@timesonline.co.uk