no,id,pw,ccont,date
1,Alishoner,83,et ultrices posuere cubilia curae donec pharetra magna vestibulum aliquet ultrices erat tortor sollicitudin mi sit amet lobortis sapien,10/16/2023
2,Norsister,39,nibh quisque id justo sit amet sapien dignissim vestibulum vestibulum,11/11/2023
3,Iannitti,32,at vulputate vitae nisl aenean lectus pellentesque eget nunc donec quis orci eget orci vehicula condimentum curabitur,9/9/2023
4,Blazej,48,curae nulla dapibus dolor vel est donec odio justo sollicitudin ut suscipit a feugiat,2/6/2024
5,McWaters,82,porttitor lacus at turpis donec posuere metus vitae ipsum aliquam non mauris morbi non lectus aliquam sit amet,2/22/2024
6,Bolles,83,duis mattis egestas metus aenean fermentum donec ut mauris eget massa tempor convallis nulla neque libero convallis eget eleifend,2/3/2024
7,Hadgkiss,76,pretium nisl ut volutpat sapien arcu sed augue aliquam erat volutpat in congue etiam justo,9/8/2023
8,Kenewell,6,nam ultrices libero non mattis pulvinar nulla pede ullamcorper augue a suscipit nulla elit,7/7/2023
9,Goning,11,nulla neque libero convallis eget eleifend luctus ultricies eu nibh quisque id justo sit amet,1/17/2024
10,Cavill,53,fusce congue diam id ornare imperdiet sapien urna pretium nisl,10/11/2023
